1,COSTILLAS AHUMADAS 500GR LA,10.52,70,00925,0,0,0,0
2,MORCILLA ARGENTINA GRANEL,6.34,70,00312,0,0,0,0
3,PECHUGA EN BANDEJA MR. POLL,6.03,66,00090,0,0,0,0
5,FILETE PECHUGA EN BANDEJA M,9.42,66,00060,0,0,0,0
6,FRITADITA AL GRANEL 1KG,6.94,66,00021,0,0,0,0
7,ALITAS EN BANDEJA MR. POLLO,5.67,66,00130,0,0,0,0
9,MUSLOS EN BANDEJA MR. POLLO,3.83,70,00036,0,0,0,0
10,CHAMPINON ENTERO SNOB KG,14.13,70,00797,0,0,0,0
11,FILETE MUSLO SIN PIEL BANDE,7.71,70,00092,0,0,0,0
12,MOLLEJAS EN FUNDA IPROCA 1K,3.96,70,00782,0,0,0,0
13,PATAS EN FUNDA MR.POLLO 1KG,1.05,70,00079,0,0,0,0
14,PESCUEZOS EN FUNDA 1KG IPRO,0.80,70,00886,0,0,0,0
15,JAMON SANDUCHERO FRITZ 3.5K,10.41,70,00369,0,0,0,0
16,HIGADO EN FUNDA 1KG IPROCA,0.92,70,00860,0,0,0,0
17,COSTILLAS A LA BBQ 500G LA ,9.76,70,00899,0,0,0,0
18,NARANJA TANGELO KG,2.03,70,00018,0,0,0,0
19,PEPINO DULCE KG,0.97,70,00019,0,0,0,0
20,ARVEJA TIERNA KG,3.86,70,00020,0,0,0,0
21,MELLOCO KG,2.00,70,00021,0,0,0,0
22,POROTO TIERNO KG,3.86,70,00022,0,0,0,0
23,CARNE MOLIDA DE RES EN BAND,9.39,70,00816,0,0,0,0
24,LIMON SUTIL GRANEL,2.09,70,00024,0,0,0,0
25,MARACUYA KILO RIO,1.43,70,00025,0,0,0,0
26,PLATANO MADURO KG,0.87,70,00026,0,0,0,0
27,LOMO DE CERDO R.A.,10.08,70,00164,0,0,0,0
29,KIWI GRANEL,2.43,70,00029,0,0,0,0
30,ZANAHORIA,0.61,70,00030,0,0,0,0
31,MAMEY KILO,2.00,70,00031,0,0,0,0
32,PEPINILLO 1KG,0.61,70,00032,0,0,0,0
33,BERENGENA KG,1.29,70,00033,0,0,0,0
34,FRUTILLA KG,3.07,70,00037,0,0,0,0
35,REINA CLAUDIA AMARILLA KG,3.08,70,00038,0,0,0,0
37,MASMELOW PILLO,6.84,70,00930,0,0,0,0
38,MANGO EDWARD KG,1.26,70,00041,0,0,0,0
39,TORONJA GRANEL,0.50,70,00042,0,0,0,0
40,CHIRIMOYA KG,3.43,70,00043,0,0,0,0
41,GUANABANA KG,1.29,70,00044,0,0,0,0
42,GUINEO KG,0.64,70,00045,0,0,0,0
43,DURAZNO KG,4.06,70,00046,0,0,0,0
44,MANDARINA COSTA GRANEL,1.00,70,00047,0,0,0,0
45,CHOCLO TIERNO KG,3.43,70,00048,0,0,0,0
46,PAPA CHAUCHA KG,1.43,70,00049,0,0,0,0
47,PAPAYA KILO,0.77,70,00050,0,0,0,0
48,MELON KG,1.29,70,00051,0,0,0,0
49,CARNE FILETEADA DE RES KG,8.19,70,00577,0,0,0,0
50,BABACO KG,1.14,70,00053,0,0,0,0
51,TUNAS KG,1.86,70,00054,0,0,0,0
53,POLLO MR. POLLO 0102,3.42,70,00077,0,0,0,0
54,COSTILLA BBQ FRITZ PREMIUM ,14.53,70,00106,0,0,0,0
55,PAVO AHUMADO GRANEL,11.85,70,00454,0,0,0,0
56,DURAZNO AMERICANO GRANEL,6.86,70,00099,0,0,0,0
57,REINA CLAUDIA CHILENA KG,4.79,70,00100,0,0,0,0
58,UVA NEGRA KG,2.29,70,00101,0,0,0,0
61,SALCHICHA COCKTAIL POLLO FR,4.42,70,00796,0,0,0,0
62,CEREZA KG,3.57,70,00114,0,0,0,0
63,MANZANA WINTER KG,2.40,70,00115,0,0,0,0
64,COSTILLA AHUMADA AL GRANEL ,10.34,70,00329,0,0,0,0
65,LOMO FINO RES,14.10,70,00124,0,0,0,0
66,LOMO FALDA RES,9.15,70,00125,0,0,0,0
67,PULPA REDONDA RES F009845,7.57,70,00126,0,0,0,0
69,PAJARILLA RES F009843,7.57,70,00128,0,0,0,0
70,FRANKFURT FRAILE GOURMET C2,3.77,70,00651,0,0,0,0
71,PIERNA DE CERDO CON HUESO E,5.00,70,00985,0,0,0,0
72,ATRAVEZADO RES F009846,6.83,70,00131,0,0,0,0
73,ACHOCHA KG,2.86,70,00321,0,0,0,0
74,CARNE MOLIDA DE POLLO KG,6.69,70,00559,0,0,0,0
75,CARNE SALON DE RES,7.68,70,00134,0,0,0,0
76,HUESO CARNUDO RES,1.83,70,00135,0,0,0,0
77,TAXO KG,1.43,70,00349,0,0,0,0
78,COSTILLA DE RES,4.88,70,00137,0,0,0,0
79,TOMATE ARBOL COLOMBIANO RIO,1.16,70,00374,0,0,0,0
80,LOMO FALDA DE RES FILETEADA,11.54,70,00093,0,0,0,0
81,NECTARIN DEL SUR GRANEL,5.00,70,00398,0,0,0,0
82,RINONES RES,5.47,70,00141,0,0,0,0
83,CRIADILLAS[7000142],4.14,70,00142,0,0,0,0
84,CARNE FILETEADA DE CERDO KG,7.00,70,00888,0,0,0,0
85,COSTILLA DE CERDO F009829,7.96,70,00096,0,0,0,0
87,ALCACHOFA KG,1.29,70,00419,0,0,0,0
88,ACEITUNA VERDE CON PEPA SNO,7.94,70,00708,0,0,0,0
89,ACEITUNA TAJADA SNOB 4KG,9.38,70,00709,0,0,0,0
90,ACEITUNA RELLENA SNOB 5KG,10.85,70,00710,0,0,0,0
91,CHAMPINON TAJADO SNOB KG,10.87,70,00798,0,0,0,0
92,PAVO AHUMADO EN PIEZAS F001,12.31,70,00464,0,0,0,0
93,PATAS DE RES BN KG,3.52,66,00139,0,0,0,0
94,HIGADO DE RES BN KG,5.72,66,00136,0,0,0,0
96,CACHEMA LIMPIA KG,6.60,70,02259,0,0,0,0
97,FILETE DE CORVINA PLATEADA ,18.59,70,00471,0,0,0,0
98,LANGOSTINO N 7 X KILO,20.02,70,00472,0,0,0,0
99,ACHOTILLO KG,1.50,70,00480,0,0,0,0
100,UVA VERDE SIN SEMILLA DEL S,7.49,70,00481,0,0,0,0
101,GROSELLA CHINA KG,0.72,70,00482,0,0,0,0
102,JENGIBRE KG,1.00,70,00483,0,0,0,0
103,PIMIENTO ROJO "KARINTIA" KI,1.70,70,00490,0,0,0,0
104,ZUQUINI AMARILLO KARINTIA R,2.04,70,00492,0,0,0,0
105,PAPA NABO KARINTIA KG,1.02,70,00494,0,0,0,0
106,CHORIZO TERNERA AL GRANEL F,5.83,66,00213,0,0,0,0
107,PERA FORELLE KG,2.06,70,00497,0,0,0,0
108,CUERO DE CHANCHO EMBUANDES,3.73,70,00817,0,0,0,0
109,PULPA DE CERDO[7000726],8.53,70,00726,0,0,0,0
110,QUESO HIERBAS AL PESO KIOSK,12.99,70,00498,0,0,0,0
111,QUESO HOLANDES AL PESO X2.6,14.49,70,00499,0,0,0,0
112,QUESO PIZZA MOZARELLA LONJA,12.66,70,00649,0,0,0,0
113,QUESO SEMIMADURO JAVIERINO ,12.99,70,00650,0,0,0,0
114,10O PEPA KG,2.29,70,00549,0,0,0,0
116,1IMIENTO ROJO KG,3.07,70,00606,0,0,0,0
120,SALON DE RES EN BANDEJA F00,8.45,70,00814,0,0,0,0
123,COSTILLA DE RES EN BANDEJA ,5.61,70,00780,0,0,0,0
124,ALAS CON ESPALDILLAS,2.41,70,00760,0,0,0,0
125,MANGO DE CHUPAR KG,1.86,70,00625,0,0,0,0
126,MORTADELA MR POLLO 2.5KG,7.57,70,00406,0,0,0,0
127,REINA CLAUDIA ROJA KG,3.60,70,00629,0,0,0,0
128,UVILLA KG,3.46,70,00634,0,0,0,0
129,POLLO VACIO MR. POLLO,3.80,70,00628,0,0,0,0
130,MANZANA FUJI DEL SUR GRANEL,2.15,70,00641,0,0,0,0
131,PULPA PRIETA NEGRA RES F009,7.91,70,00179,0,0,0,0
132,RABO OSOBUCO RES F009809,3.66,70,00180,0,0,0,0
133,PITAHAYA KG,2.50,70,00675,0,0,0,0
134,LOMO FALDA DE RES EN BANDEJ,7.94,70,00775,0,0,0,0
135,NARANJA AMERICANA KG,2.29,70,00691,0,0,0,0
138,PERA CAFE KG,1.90,70,00699,0,0,0,0
139,COL DE BRUSELA KG,3.24,70,00730,0,0,0,0
140,ESPARRAGO VERDE KG,3.54,70,00735,0,0,0,0
141,HUESO CARNUDO DE CERDO EN B,4.11,70,00785,0,0,0,0
142,PIMIENTO MORRON NARANJA,2.21,70,00740,0,0,0,0
144,PATAS DE RES EN BANDEJA,2.78,70,00788,0,0,0,0
151,LOMO DE CERDO PARA ASADO F0,8.20,70,00929,0,0,0,0
152,MORTADELA PREMIUM GOURMET K,5.13,70,00947,0,0,0,0
153,DELIGOMIS NAVIDENO LA PERLA,4.67,70,00660,0,0,0,0
154,CARAMELO BOMBON EXOTICS GRA,8.71,70,00659,0,0,0,0
155,DELIGOMIS BRILLAN/NAVIDEN G,4.71,70,00939,0,0,0,0
156,DELIGOMIS CARAMELO/GOMA GRA,7.61,70,00909,0,0,0,0
157,GOMAS GUMMIES GUSANITOS GRA,4.51,70,00931,0,0,0,0
158,CARAMELO MELO SURTIDO GRANE,3.13,70,00357,0,0,0,0
159,CHUPETE PLOP SUTIDO 2.5KG,3.78,70,00530,0,0,0,0
160,CHOCOTIN CRISPY/MANI CRISPI,8.87,70,00809,0,0,0,0
161,CARAMELO AMERIC/TOFFEE/SURT,5.79,70,00654,0,0,0,0
162,CHOCOLATE SURTIDO LEC/NAR G,8.81,70,00657,0,0,0,0
163,CARAMELO AMERICAN MILK CREA,3.91,70,00655,0,0,0,0
164,CARAMELO SURTIDO DURO GRANE,3.00,70,00083,0,0,0,0
165,CARAMELO TOFFE SURTIDO GRAN,2.87,70,00084,0,0,0,0
166,CARAMELO TOFFEE CREAM 10KL,4.38,70,00908,0,0,0,0
168,CARAMELO TOFFE YOGURT GRANE,4.00,70,00116,0,0,0,0
169,CHOCOLATE NOGGY GRANEL,10.71,70,00907,0,0,0,0
170,GALLETAS JUNGLITAS GRANEL M,2.68,70,00098,0,0,0,0
173,GALLETA TOQUE NAVID/VAINIL/,2.37,70,00658,0,0,0,0
174,CARAMELO EXTRASURTIFRUTAS G,2.83,70,00669,0,0,0,0
175,CARAMELO MIX SURTIDO RELLEN,3.37,70,00804,0,0,0,0
176,CARAMELO SJURTIFRUTAS RELLE,3.55,70,00339,0,0,0,0
177,PANZA DE RES BN,6.29,66,00086,0,0,0,0
179,CARAMELO FRESA RELLENO GRAN,3.55,70,00671,0,0,0,0
180,CHULETA CENTRO REBANADO FRA,6.97,70,00253,0,0,0,0
181,MONDONGO DE RES ESPECIAL,4.99,70,00980,0,0,0,0
182,CARNE MOLIDA ESPECIAL,8.54,70,00255,0,0,0,0
183,CARNE PARA SECO/PULPA,8.25,70,00327,0,0,0,0
184,CARAMELO KREAM MILK GRANEL ,3.87,70,00670,0,0,0,0
185,CARAMELO PIRULITO NAVIDAD I,3.78,70,00808,0,0,0,0
186,CHUPETE CHICLOSO FRESA GRAN,2.51,70,00807,0,0,0,0
187,CARAMELO HONEY RELLENO GRAN,3.55,70,00673,0,0,0,0
189,GALLETA LIMON 5.1 KG NESTLE,5.27,70,00443,0,0,0,0
190,COSTILLA DE CERDO C/CUERO Y,6.85,70,00267,0,0,0,0
191,GALLETA CHOCOLATE BIZCOCHO ,5.27,70,00442,0,0,0,0
192,CHOCOLATE MINI TANGO NEGRO ,10.25,70,00439,0,0,0,0
193,CHOCOLATE VAFERITO 8KG NEST,12.03,70,00440,0,0,0,0
194,GELATINAS CONFIGOLSA GRANEL,2.41,70,00541,0,0,0,0
195,CHOCOLATE SURTIDO MINI GALA,15.28,70,00572,0,0,0,0
196,CHOCOLATE PLATILLO SURTIDO ,15.29,70,00538,0,0,0,0
197,LOMO FINO FUNDA MR. CHANCHO,9.89,70,00460,0,0,0,0
198,POLLO AHUMADO FRAILE GRANEL,7.34,70,00276,0,0,0,0
199,SALCHICHA FRANKFURT C21X15C,3.36,70,00277,0,0,0,0
200,CHORIZO CUENCANO CRUDO KG F,5.51,70,00278,0,0,0,0
201,CHULETA AHUMADA FRAILE GRAN,10.11,70,00279,0,0,0,0
202,LOMO AHUMADO GRANEL,15.56,70,00280,0,0,0,0
203,PERNIL AHUMADO GRANEL,9.76,70,00281,0,0,0,0
205,CHORIZO ESPANOL AHUMADO GRA,5.49,70,00283,0,0,0,0
206,CARAMELO FRESES RELL/5KL S/,3.11,70,00682,0,0,0,0
207,CHORIZO CUENCANO AHUMADO FR,5.87,70,00285,0,0,0,0
208,CHORIZO PAISA GRANEL FRAILE,5.43,70,00286,0,0,0,0
209,CHORIZO PAISA AHUMADO GRANE,6.12,70,00287,0,0,0,0
210,CHORICILLO AHUMADO FRAILES ,6.61,70,00288,0,0,0,0
211,CARAMELO STRAWBERRY 9KL GRA,3.81,70,00802,0,0,0,0
212,LONGANIZA PRAGA GRANEL FRAI,7.45,70,00290,0,0,0,0
213,JAMON DE PIERNA GRANEL FRAI,7.75,70,00291,0,0,0,0
214,JAMONADA GRANEL FRAILES,5.84,70,00292,0,0,0,0
215,JAMON AHUMADO KG FRAILE,11.61,60,00456,0,0,0,0
216,GOMAS GUMMIES CORAZONES GRA,4.51,70,00924,0,0,0,0
217,JAMON PRAGA AHUMADO FRAILES,13.13,70,00295,0,0,0,0
219,PASTEL DE CARNE HORNEADO GR,7.48,70,00297,0,0,0,0
221,CHOCOLATE HUEVITO LA UNIVER,7.27,70,00920,0,0,0,0
222,SALAMI MILANO AL GRANEL FRA,16.94,70,00302,0,0,0,0
223,CARAMELO MASTIC ZUMO LA UNI,3.65,70,00921,0,0,0,0
224,CHORIZO COLOMBIANO AHUMADO ,2.80,70,00304,0,0,0,0
225,JAMON DE ESPALDA GRANEL FRA,8.25,70,00305,0,0,0,0
226,SALCHICHA COCKTAIL GRANEL,3.52,70,00306,0,0,0,0
227,MONEDAS GRANEL 4X2KG LA UNI,9.78,70,00923,0,0,0,0
228,CARAMELO TOFFEE SURTIDO UNI,4.18,70,00935,0,0,0,0
229,LONGANIZA SERRANA GRANEL,5.54,70,00310,0,0,0,0
230,CARAMELO MORITAS GRANEL,2.42,70,00940,0,0,0,0
231,GALLETAS FUNDA JUGUET/CHOCO,2.66,70,00932,0,0,0,0
233,JAMON AMERICANO FRAILES GRA,6.61,70,00314,0,0,0,0
235,GOMAS GRISSLY RELLENAS SPLA,7.37,66,00829,0,0,0,0
236,TRUCHA KG,6.17,66,00114,0,0,0,0
237,TRUCHA FILETEADA,8.02,70,00990,0,0,0,0
238,CARAMELO DURO SUR. GRANEL (,3.19,70,00534,0,0,0,0
239,COSTILLAS AHUMADAS AL GRANE,4.07,70,00927,0,0,0,0
240,PATAS CRUDAS DE CERDO F0098,2.23,70,00989,0,0,0,0
241,PATAS DE CERDO AHUMADAS F00,3.12,66,00334,0,0,0,0
242,PAVOS ELENAS 8-9KG,3.95,70,00876,0,0,0,0
243,JAMON DE ESP PREMIUM GRANEL,11.38,70,04500,0,0,0,0
244,JAMONADA AL GRANEL JURIS,8.79,70,04200,0,0,0,0
245,COSTILLA DE CERDO AHUMADA J,14.42,66,00162,0,0,0,0
246,PAVOS ELENAS 6 - 7KG,3.95,70,00873,0,0,0,0
247,ENROLLADO DE POLLO NAVIDEÃ¿,9.24,70,00818,0,0,0,0
252,CUY PELADO KG,10.58,70,00466,0,0,0,0
253,HUESO CARNUDO CHANCHO MR CH,4.09,66,00127,0,0,0,0
254,PATE DE HIGADO FRAILE,7.22,70,00375,0,0,0,0
255,LONGANIZA TIPICA GRANEL,4.75,70,00376,0,0,0,0
256,CHORIZO CUENCANO KOREL FRAI,5.13,70,00379,0,0,0,0
257,RABO OSOBUCO RES F009848,6.00,70,00839,0,0,0,0
258,HAMBURGUESA KILO,6.22,70,00400,0,0,0,0
259,RECORTES DE EMBUTIDOS[70002,4.99,70,00201,0,0,0,0
260,SALAMI DE LA SIERRA AL GRAN,7.25,70,00404,0,0,0,0
261,FRANKFURT POLLO FRAILES F00,3.95,70,00420,0,0,0,0
262,CARNE BORREGO KG,9.43,70,00425,0,0,0,0
263,PEPINILLO ENTERO SNOB KG,5.61,70,00429,0,0,0,0
264,PEPINILLO AGRIDULCE SNOB KG,5.25,70,00430,0,0,0,0
266,NUEZ SIN CASCARA DEL SUR KG,20.77,70,00915,0,0,0,0
268,ALMENDRAS DEL SUR 1KG,20.77,70,00965,0,0,0,0
271,PECHUGA AL GRANEL MR POLLO,4.85,66,00049,0,0,0,0
272,PERNIL DESHUESADO GRANEL,11.96,70,00520,0,0,0,0
273,PERNIL RUSTICK EMBUANDES,10.60,66,00014,0,0,0,0
274,PERNIL ENROLLADO EMBUANDES,10.37,70,01125,0,0,0,0
276,PIERNITAS MR POLLO,4.24,66,00016,0,0,0,0
277,FILETES DE PECHUGA,8.09,66,00019,0,0,0,0
279,JAMON ESPECIAL DE PIERNA GR,5.96,70,00605,0,0,0,0
280,MORTADELA EXTRA GRUESA FRAI,3.27,70,00563,0,0,0,0
281,BAGRE LIMPIO KG,5.72,70,00462,0,0,0,0
282,TILAPIA LIMPIA KG,5.72,70,00468,0,0,0,0
284,PIERNA DESHUESADA GRANEL 32,8.27,70,00473,0,0,0,0
285,CAMARON CON CASCARA N 31 KG,11.17,70,00475,0,0,0,0
286,CAMARON CON CASCARA N 20 X ,15.73,70,00476,0,0,0,0
287,CAMARON PELADO N 31 KG,16.45,70,00477,0,0,0,0
289,CALAMAR KG,3.81,70,02260,0,0,0,0
290,PIERNITAS AHUMADAS DE POLLO,11.88,70,00684,0,0,0,0
291,ALITAS AHUMADAS DE POLLO KG,12.80,70,00685,0,0,0,0
292,QUESO HOLANDES BLOQUE CORTA,10.73,70,00688,0,0,0,0
293,JAMON ESPECIAL PIERNA PEQUE,5.60,70,00702,0,0,0,0
294,JAMON DE POLLO FRAILE PEQUE,8.45,66,00754,0,0,0,0
295,JAMON FRAILE GOURMET PAVO G,10.37,66,00331,0,0,0,0
296,PAVO AVITALSA RANGO 8 A 9KG,4.54,70,00867,0,0,0,0
297,LENGUA RES GRANEL,8.97,70,00903,0,0,0,0
299,PANZA DE RES (CQ),5.72,70,00147,0,0,0,0
300,PATAS RES GRANEL,8.05,70,00882,0,0,0,0
304,PIERNITAS DE POLLO AL GRANE,4.13,70,00570,0,0,0,0
305,ALAS DE POLLO IPROCA KG,3.98,70,00564,0,0,0,0
306,PECHUGA CON HUESO GRANEL IP,4.75,70,00565,0,0,0,0
307,FILETE DE PECHUGA AL GRANEL,7.78,70,00576,0,0,0,0
308,POLLO COMPLETO IPROCA KG,2.94,70,00578,0,0,0,0
309,ALITAS DE POLLO BAND IPROCA,4.90,70,00579,0,0,0,0
310,FILETE DE MUSLO SIN PIEL BA,7.15,70,00583,0,0,0,0
311,FILETE DE PECHUGA BAND IPRO,8.74,70,00584,0,0,0,0
312,MUSLOS BAND DE POLLO IPROCA,3.56,70,00585,0,0,0,0
314,ALITAS BANDEJA ORO 00096,3.28,70,00587,0,0,0,0
315,CARNE MOLIDA DE RES RANCHER,6.59,70,00140,0,0,0,0
316,CARNE PARA SECO RANCHERO,6.91,77,00999,0,0,0,0
317,CARNE MOLIDA RES RANCHERO B,6.65,70,00885,0,0,0,0
318,CARNE DE RES FILETEADA RANC,8.66,70,00223,0,0,0,0
319,ALAS EN FUNDA MR.POLLO,4.92,70,00698,0,0,0,0
320,CHULETAS EN BANDEJA,10.62,66,00024,0,0,0,0
321,JAMON DE ESPALDA 11X11 KG F,8.24,77,00587,0,0,0,0
322,FILETE PECHUGA BANDEJA ORO ,5.76,70,00588,0,0,0,0
323,POLLO VACIO IPROCA KILO,3.09,77,00548,0,0,0,0
324,SOPA Y POLLO MENUDEN IPROCA,1.75,70,00711,0,0,0,0
325,ALITAS SELECCIONADAS IPROCA,3.93,77,00555,0,0,0,0
327,LONGANIZA PRAGA FRAILES EN ,7.35,70,02003,0,0,0,0
328,CHORIZO ESPECIAL AHUMADO BA,6.96,70,02002,0,0,0,0
329,JAMON DE PIERNA GOURMET 14 ,10.15,77,00023,0,0,0,0
330,POLLO HORNERO MR. POLLO 1KG,3.76,66,00035,0,0,0,0
331,FILETE MUSLO MR PAVO EN BAN,9.91,70,00544,0,0,0,0
332,TOCINO FRAILES AL GRANEL F0,8.92,70,00081,0,0,0,0
333,TROCITOS MR CHANCHO AL GRAN,6.36,66,00022,0,0,0,0
334,HUESO DE CERDO P/FRITADA,3.78,70,00830,0,0,0,0
335,HUESO BLANCO RES,0.79,70,00136,0,0,0,0
336,CUERO ROLLO FRACCIONADO MR ,4.69,70,00853,0,0,0,0
337,LOMO FINO EMPACADO AL VACIO,14.77,70,02005,0,0,0,0
338,SECO Y SOPA CON ESPALDILLAS,1.87,70,00610,0,0,0,0
339,LOMO FALDA RES EMPACADO AL ,9.75,70,02006,0,0,0,0
340,ALAS MR PAVO EN BANDEJA,4.73,70,00557,0,0,0,0
341,PULPA REDONDA RES EMPACADA ,8.23,70,02008,0,0,0,0
342,PAJARILLA DE RES EMPACADA A,8.23,70,02007,0,0,0,0
343,PULPA PRIETA RES EMPACADO A,8.23,70,02010,0,0,0,0
344,POLLO VACIO PECHUGON LIRIS,2.91,70,00712,0,0,0,0
345,POLLO COMPLETO PECHUGON LIR,2.87,70,00791,0,0,0,0
346,PAVO AVITALSA RANGO 9 A 10K,4.54,70,00868,0,0,0,0
347,PAVO AVITALSA RANGO 10 A 11,4.54,70,00869,0,0,0,0
348,PAVO AVITALSA RANGO 7 A 8KG,4.54,70,00870,0,0,0,0
349,PAVO AVITALSA RANGO 11 A 12,4.54,70,00871,0,0,0,0
350,LONGANIZA TIPICA FRAILES EN,6.62,70,02004,0,0,0,0
351,FILETE PECHUGA MR PAVO BAND,17.62,70,00545,0,0,0,0
352,COSTILLAS DE CERDO COCINADA,12.87,66,00857,0,0,0,0
353,PASTEL MEXICANO DD PIEZAS 4,7.20,66,00859,0,0,0,0
355,PIERNA DE CERDO MINI EMPACA,4.97,70,09094,0,0,0,0
356,JAMON DE POLLO GRANEL JURIS,12.03,70,04101,0,0,0,0
358,RABOS DE CERDO EMPACADO AL ,2.53,70,02011,0,0,0,0
360,CHULETA FRESCA DE CERDO CUE,5.51,70,00254,0,0,0,0
361,MORTADELA EXTRA GOURMET GRA,4.30,70,02012,0,0,0,0
363,CARNE DE RES PARRILLERA GRA,9.24,70,02013,0,0,0,0
364,CHULETA DE CERDO PARRILLERA,5.38,70,02014,0,0,0,0
367,JAMON DE PAVO LIGHT JURIS P,16.67,70,00859,0,0,0,0
369,MORCILLA FRAILE EN BANDEJA,7.69,70,02126,0,0,0,0
370,SALAMI DE AJO PREMIUM JURIS,9.80,66,00015,0,0,0,0
371,MUSLOS DE POLLO FUNDA 1KG,2.54,66,00018,0,0,0,0
372,MORITAS SURTIDAS AL GRANEL,6.47,70,01016,0,0,0,0
373,CAMARON PELADO Y DESVENADO ,16.05,70,01259,0,0,0,0
374,CAMARON CON CASCARA ALEMAN ,16.07,70,01263,0,0,0,0
375,PAVOS ELENAS 7-8KG,3.95,70,00872,0,0,0,0
376,PAVOS ELENAS 5 -6KG,3.95,70,00874,0,0,0,0
377,PAVOS ELENAS 9 - 10KG,3.95,70,02230,0,0,0,0
378,SALCHICHA SHUCBLIG FRAILES ,5.34,70,00422,0,0,0,0
379,QUESO EN BLOQUE,4.70,70,00361,0,0,0,0
380,LOMO FINO DE RES EN BANDEJA,15.11,70,01102,0,0,0,0
381,FILETE T-BONE F009828,9.80,70,00820,0,0,0,0
382,CARNE PICANA F00982B,12.25,70,00821,0,0,0,0
383,BIFE DE CHORIZO F009827,12.25,70,01020,0,0,0,0
384,TRUCHA ENTERA KILO SAN JUAN,5.05,70,01022,0,0,0,0
385,TRUCHA FILETEADA KILO SAN J,10.99,70,01021,0,0,0,0
386,MUSLOS GRANEL,2.46,77,00656,0,0,0,0
387,PIERNAS Y MUSLOS AL GRANEL,3.20,77,00600,0,0,0,0
388,JAMON ESP.FRAILES D/PIERNA ,5.60,70,00630,0,0,0,0
389,CHORIZO ARGENTINO GOURMET G,6.74,70,00971,0,0,0,0
390,POLLO ENTERO ADOBADO LISTO ,5.05,66,00589,0,0,0,0
392,PAVO ELENAS MENOS DE 5KG,4.00,70,00983,0,0,0,0
393,COSTILLAR DE CERDO EMPACADA,8.01,70,00168,0,0,0,0
394,PAVO ELENA 12-13 KILOS,3.95,70,00982,0,0,0,0
395,PATAS EN FUNDA IPROCA 1KG,0.94,70,00769,0,0,0,0
396,RABO DE RES BANDEJA,4.39,70,00822,0,0,0,0
397,QUESO CHEDDAR REBANADO LA H,12.86,70,01185,0,0,0,0
398,QUESO HOLANDES REBANADO LA ,12.86,70,02785,0,0,0,0
400,PAPAYA HAWAYANA KG,1.06,70,00000,0,0,0,0
401,CEBOLLA COLORADA,1.29,70,00001,0,0,0,0
402,CEBOLLA PERLA,1.36,70,00002,0,0,0,0
403,TOMATE RINON KG,1.07,70,00003,0,0,0,0
404,10MIENTO KG,1.00,70,00004,0,0,0,0
405,AGUACATE KG,1.86,70,00005,0,0,0,0
406,YUCA KILO,1.03,70,00006,0,0,0,0
407,VAINITA KG,1.71,70,00007,0,0,0,0
408,TOMATE DE ARBOL KG,1.86,70,00008,0,0,0,0
409,MANZANA ROJA KG,2.48,70,00009,0,0,0,0
410,MANZANA VERDE GRANEL,2.24,70,00010,0,0,0,0
411,BANDEJA UVA MIX UD,1.28,70,00011,0,0,0,0
412,NARANJA KG,0.71,70,00012,0,0,0,0
413,MORA KG,3.00,70,00013,0,0,0,0
414,PERA PACKMAN GRANEL,1.98,70,00014,0,0,0,0
415,GRANADILLA KG,3.36,70,00015,0,0,0,0
416,MANDARINA HIBRIDA KG,4.00,70,00016,0,0,0,0
417,NARANJILLA KG,1.64,70,00017,0,0,0,0
418,HABA TIERNA KG,2.57,70,00023,0,0,0,0
420,PLATANO VERDE KG,0.81,70,00028,0,0,0,0
421,UVA VERDE KILO,5.36,70,00040,0,0,0,0
422,SANDIA NACIONAL KG,0.57,70,00052,0,0,0,0
424,GUAYABA KG,2.00,70,00056,0,0,0,0
425,AJI KG,0.74,70,00061,0,0,0,0
426,MORTINO KG,5.43,70,00069,0,0,0,0
427,MANZANA GOLDEN DEL SUR KG,2.65,70,00070,0,0,0,0
428,CAMOTE KG,0.90,70,00071,0,0,0,0
429,LIMA LIMON KG,1.42,70,00072,0,0,0,0
430,CIRUELAS KG,2.00,70,00076,0,0,0,0
431,CAPULI RIO KG,3.61,70,00103,0,0,0,0
432,DAMASCO KG,6.46,70,00113,0,0,0,0
433,PICADO VERDURAS,2.44,70,00119,0,0,0,0
434,ORITO KG,1.00,70,00123,0,0,0,0
436,PERA CHINA GRANEL,5.36,70,00219,0,0,0,0
437,.APAYA ESPECIAL KG,1.07,70,00243,0,0,0,0
438,UVA ROSADA KG,3.66,70,00259,0,0,0,0
439,PERA COCCIA KG,1.59,70,00261,0,0,0,0
440,MANZANA PINK LADY KG,1.85,70,00271,0,0,0,0
441,1IMIENTO AMARILLO,3.57,70,00635,0,0,0,0
442,MANZANA ISRAEL GRANEL,1.71,70,00082,0,0,0,0
443,MEMBRILLO KILO RIO,3.60,70,00377,0,0,0,0
445,MANZANA ROYAL GALAG GRANEL,1.95,70,00455,0,0,0,0
447,PERA REDONDA RIO KG,2.66,70,00618,0,0,0,0
448,10CA ENCERADA KG,1.10,70,00465,0,0,0,0
452,HIGO KG,2.19,70,00543,0,0,0,0
454,NARANJA TANGELO GREEN GARDE,2.41,70,00600,0,0,0,0
455,SANDIA RAYADA KG,0.60,70,02241,0,0,0,0
456,LIMON MEYER GRANEL,0.61,70,00613,0,0,0,0
457,CHUP. POPSI PALETA SURT. X ,3.14,70,00612,0,0,0,0
459,NARANJA VALENCIA,0.70,70,00619,0,0,0,0
460,MANGO TOMMY,2.55,70,00626,0,0,0,0
462,PITAHAYA ROJA KG,1.43,70,00644,0,0,0,0
463,DURAZNO CONSERVERO KG,4.21,70,00690,0,0,0,0
465,PIMIENTO MORRON VERDE,1.78,70,00744,0,0,0,0
467,CARAMELO SAQUITO FRUTAS 4.5,3.35,70,00353,0,0,0,0
468,PERA CRIMSOM ROJA DEL SUR,1.52,70,00941,0,0,0,0
469,PERA BARLET / DANJOU AMERIC,1.69,70,00942,0,0,0,0
471,MANZANA CRISPINK GRANEL,1.84,70,00996,0,0,0,0
473,MANZANA DELICIA GRANEL,1.98,70,01001,0,0,0,0
477,JAMAICA KG,4.00,70,00898,0,0,0,0
497,PAPA SUPERCHOLA GRANEL,1.07,70,02831,0,0,0,0
505,TOMATE CHERRY GRANEL 200GR,0.59,70,99999,0,0,0,0
510,DEDITOS DE AGUACATE GRANEL,3.65,70,00958,0,0,0,0
511,PAPA CHINA KG,1.29,70,00741,0,0,0,0
512,REINA CLAUDIA AMARILLA CHIL,3.25,70,03365,0,0,0,0
513,DURAZNO ABRIDOR KG,2.29,70,03645,0,0,0,0
514,ARANDANO ECUVEGETAL 125G,1.27,77,85238,0,0,0,0
515,ZANAHORIA BLANCA KG,1.71,70,01113,0,0,0,0
517,SANDIA PERUANA KG,0.71,70,03643,0,0,0,0
519,PULPA DE MARACUYA G.O.,2.00,70,03238,0,0,0,0
521,GRANADA KG,3.57,70,03637,0,0,0,0
522,PERA AMBATENA,1.85,70,03639,0,0,0,0
523,MANDARINA PATATE,0.91,70,03640,0,0,0,0
526,MANDARINA SIERRA KG,0.71,70,00966,0,0,0,0
527,PAPA CECILIA GRANEL,1.07,70,01114,0,0,0,0
530,ZUCCHINI VERDE KG,0.64,70,03378,0,0,0,0
531,FRUTILLA MEDIANA KG,2.43,70,03379,0,0,0,0
535,CARAMELO FRUTIMORA GRANEL I,3.18,70,00806,0,0,0,0
536,CHUPETE MINI PLOP GRANEL,4.02,70,01005,0,0,0,0
537,TROPICAL GRANEL 2X5 KG LA U,4.28,70,00085,0,0,0,0
538,PATAS DE RES BS,2.15,70,00146,0,0,0,0
539,HIGADO DE RES C.Q KG,5.29,70,00148,0,0,0,0
540,CHUPIPLUM SURTIDO 2KLS LA U,3.80,70,00231,0,0,0,0
541,CHUPETE PIRULIN GRANEL ICAP,3.73,70,00665,0,0,0,0
542,CARAMELO FRUTICHICLE GRANEL,3.41,70,00672,0,0,0,0
543,GALLETA DE LIMON SUP KILO,12.76,70,00875,0,0,0,0
544,CHICLE AGOGO ORIG/GIGANTE 2,3.55,70,00918,0,0,0,0
545,CHUPETE BOLA AL GRANEL ECUA,3.22,70,00993,0,0,0,0
548,BOMBON CHOCOLITA GRANEL,7.36,70,00448,0,0,0,0
549,CHOCOLATE MINI MANICHO UNIV,11.67,70,00539,0,0,0,0
550,CARAMELO BUTTER AND CREAM G,3.66,70,00568,0,0,0,0
551,CARAMELO SAQUITO SURTIDO GR,4.58,70,00656,0,0,0,0
552,GOMAS OSITOS AZUCARADOS LA ,5.56,70,00661,0,0,0,0
553,BOMBON TRADICIONAL LA PERLA,8.95,70,00662,0,0,0,0
554,CARAMELO RELLENO TAMARINDO ,2.92,70,00674,0,0,0,0
555,CARAMELO TOFFE FRUNA SURTID,4.18,70,00676,0,0,0,0
556,CARAMELO DULCE RELL/FRUN/SU,4.14,70,00677,0,0,0,0
557,CHUPETE YOGUINO SURTIDO GRA,3.02,70,00681,0,0,0,0
558,CARAMELO TOFFE SURTIDO 9KL ,5.44,70,00799,0,0,0,0
559,CREMA OSITO GRANEL 2KG LA U,7.93,70,00864,0,0,0,0
560,CARAMELO TOFFEE COCO GRANEL,4.46,70,00892,0,0,0,0
561,CHUPETA PLANA MIX FRUTA/LEC,3.96,70,00902,0,0,0,0
562,HUEVITOS DE COLORES GRANEL ,3.78,70,00905,0,0,0,0
563,BOMBONES SURTIDOS LA UNIVER,8.46,70,00922,0,0,0,0
564,GALLETA DE ANIS SUP KILO,12.76,70,00933,0,0,0,0
565,GALLETA MAGICA NAVIDAD CHOC,16.54,70,00934,0,0,0,0
566,ZAMBO BLANCO GRANEL 4X50X25,5.77,70,00951,0,0,0,0
567,GOMAS GUSANOS ACIDOS AL GRA,5.90,70,00956,0,0,0,0
568,CHOCOLATES LOCOCHIPS AL GRA,6.79,70,00960,0,0,0,0
569,CHOCOLATES VARITAS NAVIDENA,7.31,70,00961,0,0,0,0
570,GALLETA DE CHOCOLATE MAG NA,12.76,70,00962,0,0,0,0
571,CARAMELO MASTICABLE SURTIDO,4.11,66,00052,0,0,0,0
572,GALLETAS ANIMALIAS GRANEL K,1.87,70,00972,0,0,0,0
573,GALLETA VAINILLA ZOOLOGIA G,3.56,66,00039,0,0,0,0
574,MORITAS PERLA,6.87,70,00974,0,0,0,0
575,ZAMBITO GRANEL LA UNIVERSAL,5.39,70,08800,0,0,0,0
576,CARAMELO TOFFE SURTIDO GRAN,3.65,70,00991,0,0,0,0
577,CHUPETE CHICLOSO SURTIDO 5K,3.02,70,00999,0,0,0,0
578,CHOCOLATE ZAMBO GRANEL,6.00,70,01000,0,0,0,0
579,CHUPETE KATABOOM GRANEL,4.06,70,01006,0,0,0,0
580,GOMAS CONOS SOLIDOS ACIDOS ,5.90,70,01008,0,0,0,0
581,MARSHMALLOWS MILLOWS INDIVI,5.93,70,01009,0,0,0,0
582,CHOCOLATE GOLPE 27G KILO,6.26,70,01011,0,0,0,0
583,GELATINA CHUPA CHUPS 16GR G,2.27,70,01012,0,0,0,0
584,BOMBONES PRIVILEGIO 2BX1.70,7.91,70,01015,0,0,0,0
585,ALMENDRAS FRANCESAS AL GRAN,7.97,70,01017,0,0,0,0
586,CHOCOLATE BON BON 16G KILO,10.51,70,01023,0,0,0,0
587,GELATINA GRANEL 15.3 GRS (1,2.27,70,01024,0,0,0,0
588,CHOCALE MALVAVISCO RECUB CO,7.17,70,01025,0,0,0,0
589,CHOCOLATE ROCKLETS X 1KG,9.71,70,01028,0,0,0,0
590,GOMAS MOGUL JELLY BUTTONS G,4.70,70,01029,0,0,0,0
591,GOMAS CULEBRITAS 13 GRS,7.10,70,01030,0,0,0,0
592,GOMAS GUMMIES BANANA GRANEL,9.44,70,01031,0,0,0,0
593,GOMAS GUMMIES GUSANITOS 1KL,6.14,70,01032,0,0,0,0
594,GOMAS GUMMIES CORAZONES FDA,5.61,70,01033,0,0,0,0
595,MARSHMALLOW MINI ANGELITO G,6.86,70,01034,0,0,0,0
596,CARAMELO SURTIDO FRUTAS MET,2.82,70,01035,0,0,0,0
597,GRAJEAS SURTIDAS AL GRANEL,8.96,70,01037,0,0,0,0
598,GALLETA NAVIDAD CANELA KILO,12.78,70,01038,0,0,0,0
599,CHUP. POPSI PUM SURT X10KIL,3.02,70,01040,0,0,0,0
601,GALLINA ESTANCIA EXTRA GRAN,4.17,70,00997,0,0,0,0
602,ZUCCHINI AMARILLO KG,0.86,70,01204,0,0,0,0
603,REMOLACHA GRANEL KG,0.50,70,01146,0,0,0,0
604,QUESO MOZARELLA BLOQUE REBA,10.41,70,01286,0,0,0,0
605,TOMATE CHERRY GRANEL,5.03,70,01145,0,0,0,0
606,ALAS AL GRANEL LIRIS,3.93,70,01210,0,0,0,0
607,MUSLOS DE POLLO AL GRANEL L,2.48,70,01212,0,0,0,0
608,PIERNITAS AL GRANEL LIRIS,4.38,70,01213,0,0,0,0
609,PESCUEZO AL GRANEL LIRIS,0.74,70,01208,0,0,0,0
612,PECHUGA AL GRANEL LIRIS,5.15,70,01215,0,0,0,0
613,FILETE TOMAHAWK DE RES KG,7.00,70,00823,0,0,0,0
614,FILETE DE PECHUGA GRANEL LI,8.03,70,01216,0,0,0,0
617,PECHUGA DE PAVO PRONACA,8.66,70,00502,0,0,0,0
618,COSTILLAR DE CERDO RANCHERO,3.51,70,01218,0,0,0,0
619,CAQUI CHILENO KG,3.46,70,00895,0,0,0,0
621,JAMON DE PIERNA GOURMET GRA,9.95,70,09602,0,0,0,0
622,MORTADELA ESPCIAL AL GRANEL,5.92,70,04100,0,0,0,0
623,FILETE DE TILAPIA ALEMAN FI,11.18,70,01262,0,0,0,0
624,CARNE ASADERO 1KG,6.94,66,00023,0,0,0,0
625,MUSLO MR PAVO EN BANDEJA,6.46,70,00558,0,0,0,0
626,CHORIZO POLLO FRAILES F0060,3.77,70,00843,0,0,0,0
627,PAVO ELENA 10-11 KILOS,3.95,78,94574,0,0,0,0
628,PAVO ELENA 11-12 KILOS,3.95,78,94575,0,0,0,0
630,PIERNAS Y MUSLOS MR POLLO,3.27,66,00046,0,0,0,0
631,MR. POLLO CUARTOS PIERNA Y ,3.76,70,00085,0,0,0,0
632,HIGADO RES EN BANDEJA,6.71,70,00824,0,0,0,0
633,CHORIZO TERNERA FRAILES PRE,4.15,70,02059,0,0,0,0
635,GALLETA ANIS 5.1 KG NESTLE,5.27,70,00441,0,0,0,0
636,NESTLE BOMBON SURTIDO 12X88,16.07,70,01187,0,0,0,0
637,GOMAS CULEBRITAS GRANEL CON,4.51,70,00992,0,0,0,0
638,CARAMELO MASTICABLE ZOOM AC,4.00,70,01026,0,0,0,0
639,CARAMELO TAFI COQUEIROS 2.5,3.85,70,01027,0,0,0,0
640,MORTADELA EXTRA PLUMROSE,6.17,66,00033,0,0,0,0
641,JAMON PECHUGA PAVO FRITZ,18.30,70,00633,0,0,0,0
642,JAMON LIGHT PECHUGA MR.POLL,15.78,66,00503,0,0,0,0
643,PEPERONI PIEZA JURIS,14.64,70,01166,0,0,0,0
644,JAMON AMERICANO PIEZA JURIS,10.07,70,01390,0,0,0,0
645,JAMON DE PAVO TIPO I PIEZA ,17.77,70,04900,0,0,0,0
646,MORTADELA EXTRA JURIS,5.92,70,05000,0,0,0,0
647,MORTADELA DE POLLO JURIS,7.01,70,04800,0,0,0,0
648,FILETE DE CORVINILLA ALEMAN,8.32,70,01260,0,0,0,0
649,FILETE DE CORVINA BLANCA AL,11.18,70,01257,0,0,0,0
650,FILETE DE DORADO ALEMAN FIS,10.14,70,01264,0,0,0,0
651,FILETE DE CORVINA DE ROCA A,15.08,70,01258,0,0,0,0
652,CALAMAR ALEMAN FISH KG,4.29,70,01261,0,0,0,0
653,TRUCHA ALEMAN FISH KG,7.28,70,01265,0,0,0,0
655,PIERNAS MR PAVO EN BANDEJA,5.89,70,00546,0,0,0,0
656,ALITAS EN BANDEJA MR POLLO ,6.58,70,01099,0,0,0,0
659,CARNE SUAVE MR. CHANCHO KG,8.21,70,00556,0,0,0,0
661,FRITADA FRACCIONADO MR. CHA,7.25,70,00856,0,0,0,0
662,GRASA CHICHARRON FRACCIONAD,5.59,70,00851,0,0,0,0
663,PATAS CERDO FRACCIONADO MR ,2.80,70,00849,0,0,0,0
664,LOMO FINO DE CERDO EN BANDE,11.26,70,00773,0,0,0,0
665,ALAS EN BANDEJA MR POLLO - ,5.58,70,01088,0,0,0,0
666,HABA PELADA KG,4.11,79,99904,0,0,0,0
668,CHOCHOS A GRANEL KG,3.14,79,99905,0,0,0,0
669,CARNE SUAVE FRACCIONADO MR.,7.48,70,00855,0,0,0,0
670,PAVO EXTRA GRANDE PRONACA 0,5.49,70,00437,0,0,0,0
671,PAVO GRANDE MR PAVO,5.49,70,00436,0,0,0,0
673,PAVITA MR PAVO,5.78,66,00053,0,0,0,0
676,REMOLACHA GRANEL KG,0.79,79,99902,0,0,0,0
677,MINI CHOCOTECA 2.5GR,9.62,70,01036,0,0,0,0
678,CARAMELO DURO FIESTA SURT/5,3.66,70,00678,0,0,0,0
679,GOMAS GUMMIES CULEBRITAS FD,6.43,70,00427,0,0,0,0
684,CHOCOLATE ORIENT TRUFFLE 1K,6.00,70,01290,0,0,0,0
685,GOMAS RELLENAS FRESAS VIDAL,5.73,70,01293,0,0,0,0
686,GOMAS RELLENAS OSOS VIDAL 1,5.73,70,01292,0,0,0,0
687,GOMAS RELLENAS TORTUGAS VID,5.73,70,01291,0,0,0,0
688,CHORIZO DE POLLO FRAILE ECO,2.96,70,00840,0,0,0,0
690,CARAMELO TOFFE ENGLAND SURT,4.50,70,00936,0,0,0,0
691,CHOCOLATE COQUET SURTIDO KI,6.21,70,00937,0,0,0,0
692,CHOCOLATE GALLETA DOBLON KI,8.51,70,00938,0,0,0,0
693,CHOCOLATE CANONAZO KILO IND,6.97,70,00884,0,0,0,0
694,GALLETA WAFER GALAK KILOX50,9.12,70,00531,0,0,0,0
695,PATA DE RES EMPACADA AL VAC,3.17,70,00826,0,0,0,0
696,CHULETA PIERNA CERDO REB.EM,5.00,70,00825,0,0,0,0
697,MONDONGO DE RES AL GRANEL F,6.47,77,00601,0,0,0,0
698,CALABAZA KILO,4.83,70,01139,0,0,0,0
699,HIGADO EN FUNDA PRONACA 1KG,0.96,70,00777,0,0,0,0
700,PIERNAS CON CADERA AL GRANE,3.33,70,01211,0,0,0,0
701,PATAS AL GRANEL LIRIS,0.74,70,01209,0,0,0,0
704,CHORIZO PARRILLERO FRAILE K,5.21,70,00415,0,0,0,0
705,PAVO SUPER EXTRA GRANDE 090,6.58,70,00066,0,0,0,0
706,PAVO AVITALSA RANGO 6 A 7KG,4.54,70,01018,0,0,0,0
707,CUERO DE CERDO PRNCA,3.53,70,00268,0,0,0,0
708,HUESO CARNUDO FRACCIONADO M,3.82,70,00850,0,0,0,0
713,MOLLEJA EN FUNDA MR.POLLO 1,3.62,70,00078,0,0,0,0
715,POMELO KG,2.66,70,01117,0,0,0,0
716,PATAS RES EN BANDEJA,5.49,70,08380,0,0,0,0
717,PAVI POLLO 104 LIRIS,2.87,70,01014,0,0,0,0
718,POLLO CRIOLLO FRAILE ENTERO,2.68,70,01118,0,0,0,0
720,CHULETA CENTRO CERDO BARRA,5.89,70,01072,0,0,0,0
727,HABA PALLAR KG,3.51,70,07042,0,0,0,0
728,QUESILLO BLOQUE[7000238],4.70,70,00238,0,0,0,0
729,SALMON FILETE ALIMESA,22.69,70,01078,0,0,0,0
731,AJI JALAPENO GRANEL,2.00,70,03381,0,0,0,0
732,SALCHICHA FRANKFURT SUPER G,4.25,70,00394,0,0,0,0
733,CHUPETE PIRULITOS SURTIDO A,3.85,70,00866,0,0,0,0
735,CHOCOLATE TRIXY GRANEL,4.27,70,02417,0,0,0,0
736,GALLETA CREMA PINK PIE 800G,5.73,70,02418,0,0,0,0
737,CHOCOLATE SAPITO GRANEL,4.23,70,04216,0,0,0,0
739,CHOCOLATE MONEDAS ORO 1KILO,8.96,70,02116,0,0,0,0
740,JAMON GOURMET PAVO A LA PIM,13.80,70,02419,0,0,0,0
742,CARNE PURA KG,8.24,70,02108,0,0,0,0
743,LOMO FALDA KG,10.23,70,02114,0,0,0,0
744,COSTILLA KG,4.60,70,02111,0,0,0,0
745,HUESO CARNUDO KG,2.20,70,02112,0,0,0,0
746,LOMO FINO KG,15.13,70,02113,0,0,0,0
747,WAFFER CHOCOTITOS CHISPITAS,4.10,70,02220,0,0,0,0
748,CARAMELO MINIBUM SURTIDO AL,4.23,70,02214,0,0,0,0
749,GALLETA CREAMA CUBIERTA LEM,5.73,70,02223,0,0,0,0
750,CHULETA CUELLO CERDO MARIPO,4.99,70,01076,0,0,0,0
751,MANDARINA KING KG,0.49,70,02225,0,0,0,0
753,CHOCOLATE ALFAJOR HAY HAY C,6.15,70,02227,0,0,0,0
754,PAVO ANDINO MARINADO LISTO ,5.85,77,00989,0,0,0,0
756,PAVO AVITALSA RANGO 12 A 13,4.80,70,02224,0,0,0,0
759,PAPA CHAUCHA PEQUENA,1.43,70,02226,0,0,0,0
760,REINA CLAUDIA ROJA NACIONAL,2.67,70,03038,0,0,0,0
761,FRITADA INDUSTRIAL DE CERDO,4.74,70,02436,0,0,0,0
779,PUNTA DE COSTILLA DE RES F0,5.49,70,01527,0,0,0,0
782,CORVINA ENTERA LIMPIA MARBE,10.18,70,02068,0,0,0,0
783,CACHEMA ENTERA GRANDE LIMPI,9.35,70,02072,0,0,0,0
784,CAMARON CON COLA MARBELLA 3,10.60,70,02071,0,0,0,0
787,CHOCOLATE BOMBON FLASH GRAN,5.77,70,02276,0,0,0,0
788,GOMAS CONO OSO GUSANOS HUES,8.67,70,02277,0,0,0,0
789,MORITAS GRAGEADAS SURTIDAS ,9.31,70,02278,0,0,0,0
790,GOMA AZUCARADA CARAMELO GRA,6.54,70,02279,0,0,0,0
792,MARSHMALLOWS GRANEL SPUMIS ,7.37,70,02280,0,0,0,0
793,CHOCOLATE OBLEA BON O BON M,5.99,70,02281,0,0,0,0
794,CARAMELO SURTIDO FRUTAS MET,3.21,70,02282,0,0,0,0
804,COSTILLAR DE CERDO EMPACADO,8.32,70,02249,0,0,0,0
805,GALLETAS WAFFER CROFFERS GR,4.26,70,02274,0,0,0,0
806,GALLETAS CHOCOTITOS WAFER F,3.35,70,02275,0,0,0,0
807,HUEVITO CEREZA FLOWPACK GRA,7.99,70,02283,0,0,0,0
808,CARAMELOS SURTIDOS DUROS GR,4.55,70,02284,0,0,0,0
815,GALLETA ANIMALIAS GRANEL 12,4.02,70,02285,0,0,0,0
816,CARAMELO TOFFEE SURTIDO GRA,4.77,70,02286,0,0,0,0
821,MENUDENCIA DE POLLO AL GRAN,0.96,70,02269,0,0,0,0
822,CRISMELO COLOR TORNADO 5G,2.78,70,08999,0,0,0,0
823,PAVO CRUDO 8-9KG,4.13,70,01245,0,0,0,0
826,PAVO CRUDO 10-11KG,4.13,70,01288,0,0,0,0
827,PAVO CRUDO 6-7KG,4.13,70,01301,0,0,0,0
828,PAVO CRUDO 7-8KG,4.13,70,01302,0,0,0,0
829,CAMOTE AMARILLO KG,1.47,70,03200,0,0,0,0
830,PACK POLLOS CON MENUDENCIAS,2.86,70,02690,0,0,0,0
831,QUESO AMERICANO REBANADAS L,13.36,70,02248,0,0,0,0
832,MEDIA PIERNA CERDO ADOBADA ,10.21,70,02360,0,0,0,0
839,POLLO CON MENUDENCIA DUO PA,2.86,70,02363,0,0,0,0
845,PATAS DE CERDO EN BANDEJA,4.45,70,00786,0,0,0,0
852,CHOCOLATE TANGO CLASICO GRA,11.01,70,00910,0,0,0,0
853,CHOCOLATE GLACE AMOR 5K,13.87,70,08000,0,0,0,0
854,ZAMBO COOKIES CREAM GRANEL ,6.13,70,01346,0,0,0,0
855,BOMBONES SURTIDOS BIOS GRAN,12.46,70,08001,0,0,0,0
858,MR POLLO COMPLETO CONGELADO,3.06,70,02865,0,0,0,0
862,GALLETA PI CANELA AMOR 5K,7.63,70,02350,0,0,0,0
863,LECHON LISTO PARA HORNEAR 3,14.68,70,01275,0,0,0,0
864,PIERNA DE CERDO LISTA PARA ,8.12,70,01276,0,0,0,0
866,GUATA DE RES,5.92,70,02941,0,0,0,0
867,HIGADO RES,5.57,70,02940,0,0,0,0
868,PEZ RAYADO KG,6.24,70,02271,0,0,0,0
870,LENGUA DE RES,6.77,70,02942,0,0,0,0
871,ALBACORA KG,6.16,70,02983,0,0,0,0
872,FILETE TOYO KG,8.07,70,02984,0,0,0,0
873,LOMO FINO A LAS FINAS HIERB,11.97,70,02374,0,0,0,0
874,HORNADO MR CHANCHO 900-1100,7.92,70,02372,0,0,0,0
875,BONDIOLA MR CHANCHO 1.2-1.8,9.39,70,02293,0,0,0,0
876,RIBEYE MR CHANCHO 600-900G,11.00,70,02299,0,0,0,0
877,MEDALLONES A LAS FINAS HIRE,13.19,70,02370,0,0,0,0
878,COSTILLAS ADOBADAS TERIYAKI,18.07,70,02291,0,0,0,0
879,COSTILLAS ADOBADAS BBQ MR C,18.07,70,02292,0,0,0,0
880,T BONE MR CHANCHO 600-1000G,11.58,70,02294,0,0,0,0
881,TOMAHAWK MR CHANCHO 350-650,14.04,70,02295,0,0,0,0
882,PICANA MR CHANCHO 800-1500G,8.39,70,02298,0,0,0,0
883,LOMO FALDA A LAS FINAS HIER,10.05,70,02373,0,0,0,0
884,CHULETA PARRILLERA MR CHANC,11.09,70,02297,0,0,0,0
885,JAMON VARIEDAD PARA SANDUCH,10.07,70,01559,0,0,0,0
886,MORTADELA SANDUCHERADON DIE,6.89,70,01561,0,0,0,0
887,PASTEL MEXICANO DON DIEGO 4,7.95,70,01560,0,0,0,0
